model,bucket,F1_flat,F1_up,F1_down,macro_F1
multi_horizon,h=1-5 (±3%),0.09723817336614711,0.0,0.31544995806061077,0.13756271047558596
multi_horizon,h=6-15 (±5%),0.011764705882352943,0.0,0.2767045240888068,0.09615640999038656
ref (shuffled—inflated),h=1-5 (±3%),,,,0.7523420577638381
ref (shuffled—inflated),h=6-15 (±5%),,,,0.752342057763838
ref_noshuf,h=1-5 (±3%),,,,0.21467006513735484
ref_noshuf,h=6-15 (±5%),,,,0.21467006513735484
AAII_option_vol_ratio,h=1-5 (±3%),,,,0.1352657004830918
AAII_option_vol_ratio,h=6-15 (±5%),,,,0.13526570048309178
